{
    
"fields": [
         {
         "name": "first_name",
         "label": "First Name",
         "placeholder": "First Name",
         "type": "text",
         },
         {
         "name": "last_name",
         "label": "Last Name",
         "placeholder": "Last Name",
         "type": "text",
         },
         {
         "name": "email",
         "label": "Email",
         "placeholder": "Email",
         "type": "email",
         },
         {
         "name": "password",
         "label": "Password",
         "placeholder": "Password",
         "type": "text",
         },
         {
         "name": "password_confirmation",
         "label": "Confirm Password",
         "placeholder": "Confirm Password",
         "type": "text",
         },
         {
         "name": "mobile",
         "label": "Mobile Number",
         "placeholder": "Mobile Number",
         "type": "number",
         },
         {
         "name": "gender",
         "label": "Gender",
         "placeholder": "Gender",
         "type": "select",
         "options": [
                     {
                     "label": "Male"
                     },
                     {
                     "label": "Female"
                     },
                     {
                     "label": "Others"
                     }
                     ]
         }
         ]
}
